"Uhrin ikä";"Hyvinvointialue";"Tiedot";"Vuosi";"Rikos";"Uhri mies";"Uhri nainen"
"Yhteensä";"KOKO MAA";"Uhrien lukumäärä tapauskertojen mukaan (lkm.)";"2009";"YHTEENSÄ";23454;15342
"Yhteensä";"KOKO MAA";"Uhrien lukumäärä tapauskertojen mukaan (lkm.)";"2009";"Raiskaus 20:§1-2,4";2;358
"Yhteensä";"KOKO MAA";"Uhrien lukumäärä tapauskertojen mukaan (lkm.)";"2009";"Törkeä raiskaus 20:2";3;20
"Yhteensä";"KOKO MAA";"Uhrien lukumäärä tapauskertojen mukaan (lkm.)";"2009";"Raiskaus (3 mom) 20:1§3-4";0;0
"Yhteensä";"KOKO MAA";"Uhrien lukumäärä tapauskertojen mukaan (lkm.)";"2009";"Pakottaminen sukupuoliyhteyteen 20:3";2;117
"Yhteensä";"KOKO MAA";"Uhrien lukumäärä tapauskertojen mukaan (lkm.)";"2009";"Lapsen seksuaalinen hyväksikäyttö 20:6";147;841
"Yhteensä";"KOKO MAA";"Uhrien lukumäärä tapauskertojen mukaan (lkm.)";"2009";"Törkeä lapsen seksuaalinen hyväksikäyttö 20:7";18;116
"Yhteensä";"KOKO MAA";"Uhrien lukumäärä tapauskertojen mukaan (lkm.)";"2009";"Törkeä lapsenraiskaus 20:7b";0;0
"Yhteensä";"KOKO MAA";"Uhrien lukumäärä tapauskertojen mukaan (lkm.)";"2009";"Seksuaalinen ahdistelu 20:5a§1";0;0
"Yhteensä";"KOKO MAA";"Uhrien lukumäärä tapauskertojen mukaan (lkm.)";"2009";"Seksuaalinen hyväksikäyttö 20:5§1,3";25;242
"Yhteensä";"KOKO MAA";"Uhrien lukumäärä tapauskertojen mukaan (lkm.)";"2009";"Pakottaminen seksuaaliseen tekoon 20:4";4;100
"Yhteensä";"KOKO MAA";"Uhrien lukumäärä tapauskertojen mukaan (lkm.)";"2009";"Seksikaupan kohteena olevan henkilön hyväksikäyttö 20:8";0;0
"Yhteensä";"KOKO MAA";"Uhrien lukumäärä tapauskertojen mukaan (lkm.)";"2009";"Seksuaalipalvelujen ostaminen nuorelta 20:8a§1-2";22;25
"Yhteensä";"KOKO MAA";"Uhrien lukumäärä tapauskertojen mukaan (lkm.)";"2009";"Lapsen houkutteleminen seksuaalisiin tarkoituksiin 20:8b§";0;0
"Yhteensä";"KOKO MAA";"Uhrien lukumäärä tapauskertojen mukaan (lkm.)";"2009";"Paritus 20:9";0;0
"Yhteensä";"KOKO MAA";"Uhrien lukumäärä tapauskertojen mukaan (lkm.)";"2009";"Tappo 21:1§1";50;20
"Yhteensä";"KOKO MAA";"Uhrien lukumäärä tapauskertojen mukaan (lkm.)";"2009";"Murha 21:2§1/1-4";22;13
"Yhteensä";"KOKO MAA";"Uhrien lukumäärä tapauskertojen mukaan (lkm.)";"2009";"Surma 21:3§1";0;0
"Yhteensä";"KOKO MAA";"Uhrien lukumäärä tapauskertojen mukaan (lkm.)";"2009";"Tapon yritys 21:1§2";277;64
"Yhteensä";"KOKO MAA";"Uhrien lukumäärä tapauskertojen mukaan (lkm.)";"2009";"Murhan yritys 21:2§2";33;17
"Yhteensä";"KOKO MAA";"Uhrien lukumäärä tapauskertojen mukaan (lkm.)";"2009";"Surman yritys 21:3§2";0;0
"Yhteensä";"KOKO MAA";"Uhrien lukumäärä tapauskertojen mukaan (lkm.)";"2009";"Pahoinpitely 21:5";14233;7710
"Yhteensä";"KOKO MAA";"Uhrien lukumäärä tapauskertojen mukaan (lkm.)";"2009";"Törkeä pahoinpitely 21:6";1722;446
"Yhteensä";"KOKO MAA";"Uhrien lukumäärä tapauskertojen mukaan (lkm.)";"2009";"Lievä pahoinpitely 21:7§";4369;3390
"Yhteensä";"KOKO MAA";"Uhrien lukumäärä tapauskertojen mukaan (lkm.)";"2009";"Ryöstö 31:1§1/1-2";925;310
"Yhteensä";"KOKO MAA";"Uhrien lukumäärä tapauskertojen mukaan (lkm.)";"2009";"Ryöstön yritys 31:1§2";147;78
"Yhteensä";"KOKO MAA";"Uhrien lukumäärä tapauskertojen mukaan (lkm.)";"2009";"Törkeä ryöstö 31:2§1/1-4";119;81
"Yhteensä";"KOKO MAA";"Uhrien lukumäärä tapauskertojen mukaan (lkm.)";"2009";"Törkeän ryöstön yritys 31:2§2";25;20
"Yhteensä";"KOKO MAA";"Uhrien lukumäärä tapauskertojen mukaan (lkm.)";"2009";"Kiristys 31:3§1";27;6
"Yhteensä";"KOKO MAA";"Uhrien lukumäärä tapauskertojen mukaan (lkm.)";"2009";"Kiristyksen yritys 31:3§2";11;2
"Yhteensä";"KOKO MAA";"Uhrien lukumäärä tapauskertojen mukaan (lkm.)";"2009";"Törkeä kiristys 31:4§1/1-4";10;7
"Yhteensä";"KOKO MAA";"Uhrien lukumäärä tapauskertojen mukaan (lkm.)";"2009";"Törkeän kiristyksen yritys 31:4§2";3;0
"Yhteensä";"KOKO MAA";"Uhrien lukumäärä tapauskertojen mukaan (lkm.)";"2009";"Vapaudenriisto 25:1-2§";69;117
"Yhteensä";"KOKO MAA";"Uhrien lukumäärä tapauskertojen mukaan (lkm.)";"2009";"Laiton uhkaus 25:7§";1093;1184
"Yhteensä";"KOKO MAA";"Uhrien lukumäärä tapauskertojen mukaan (lkm.)";"2009";"Vainoaminen 25:7a§";0;0
"Yhteensä";"KOKO MAA";"Uhrien lukumäärä tapauskertojen mukaan (lkm.)";"2009";"Kuolemantuottamus 21:8-9";44;19
"Yhteensä";"KOKO MAA";"Uhrien lukumäärä tapauskertojen mukaan (lkm.)";"2009";"Ihmiskauppa 25:3, 3a";0;0
"Yhteensä";"KOKO MAA";"Uhrien lukumäärä tapauskertojen mukaan (lkm.)";"2009";"Panttivangin ottaminen 25:4";39;24
"Yhteensä";"KOKO MAA";"Uhrien lukumäärä tapauskertojen mukaan (lkm.)";"2009";"Terrostisessa tarkoituksessa tehdyt rikokset";0;0
"Yhteensä";"KOKO MAA";"Uhrien lukumäärä tapauskertojen mukaan (lkm.)";"2010";"YHTEENSÄ";24502;16782
"Yhteensä";"KOKO MAA";"Uhrien lukumäärä tapauskertojen mukaan (lkm.)";"2010";"Raiskaus 20:§1-2,4";6;438
"Yhteensä";"KOKO MAA";"Uhrien lukumäärä tapauskertojen mukaan (lkm.)";"2010";"Törkeä raiskaus 20:2";0;28
"Yhteensä";"KOKO MAA";"Uhrien lukumäärä tapauskertojen mukaan (lkm.)";"2010";"Raiskaus (3 mom) 20:1§3-4";0;0
"Yhteensä";"KOKO MAA";"Uhrien lukumäärä tapauskertojen mukaan (lkm.)";"2010";"Pakottaminen sukupuoliyhteyteen 20:3";2;281
"Yhteensä";"KOKO MAA";"Uhrien lukumäärä tapauskertojen mukaan (lkm.)";"2010";"Lapsen seksuaalinen hyväksikäyttö 20:6";172;869
"Yhteensä";"KOKO MAA";"Uhrien lukumäärä tapauskertojen mukaan (lkm.)";"2010";"Törkeä lapsen seksuaalinen hyväksikäyttö 20:7";10;59
"Yhteensä";"KOKO MAA";"Uhrien lukumäärä tapauskertojen mukaan (lkm.)";"2010";"Törkeä lapsenraiskaus 20:7b";0;0
"Yhteensä";"KOKO MAA";"Uhrien lukumäärä tapauskertojen mukaan (lkm.)";"2010";"Seksuaalinen ahdistelu 20:5a§1";0;0
"Yhteensä";"KOKO MAA";"Uhrien lukumäärä tapauskertojen mukaan (lkm.)";"2010";"Seksuaalinen hyväksikäyttö 20:5§1,3";49;308
"Yhteensä";"KOKO MAA";"Uhrien lukumäärä tapauskertojen mukaan (lkm.)";"2010";"Pakottaminen seksuaaliseen tekoon 20:4";4;94
"Yhteensä";"KOKO MAA";"Uhrien lukumäärä tapauskertojen mukaan (lkm.)";"2010";"Seksikaupan kohteena olevan henkilön hyväksikäyttö 20:8";0;0
"Yhteensä";"KOKO MAA";"Uhrien lukumäärä tapauskertojen mukaan (lkm.)";"2010";"Seksuaalipalvelujen ostaminen nuorelta 20:8a§1-2";1;12
"Yhteensä";"KOKO MAA";"Uhrien lukumäärä tapauskertojen mukaan (lkm.)";"2010";"Lapsen houkutteleminen seksuaalisiin tarkoituksiin 20:8b§";0;0
"Yhteensä";"KOKO MAA";"Uhrien lukumäärä tapauskertojen mukaan (lkm.)";"2010";"Paritus 20:9";0;0
"Yhteensä";"KOKO MAA";"Uhrien lukumäärä tapauskertojen mukaan (lkm.)";"2010";"Tappo 21:1§1";54;16
"Yhteensä";"KOKO MAA";"Uhrien lukumäärä tapauskertojen mukaan (lkm.)";"2010";"Murha 21:2§1/1-4";26;8
"Yhteensä";"KOKO MAA";"Uhrien lukumäärä tapauskertojen mukaan (lkm.)";"2010";"Surma 21:3§1";0;0
"Yhteensä";"KOKO MAA";"Uhrien lukumäärä tapauskertojen mukaan (lkm.)";"2010";"Tapon yritys 21:1§2";233;67
"Yhteensä";"KOKO MAA";"Uhrien lukumäärä tapauskertojen mukaan (lkm.)";"2010";"Murhan yritys 21:2§2";12;6
"Yhteensä";"KOKO MAA";"Uhrien lukumäärä tapauskertojen mukaan (lkm.)";"2010";"Surman yritys 21:3§2";0;0
"Yhteensä";"KOKO MAA";"Uhrien lukumäärä tapauskertojen mukaan (lkm.)";"2010";"Pahoinpitely 21:5";14219;7837
"Yhteensä";"KOKO MAA";"Uhrien lukumäärä tapauskertojen mukaan (lkm.)";"2010";"Törkeä pahoinpitely 21:6";1621;376
"Yhteensä";"KOKO MAA";"Uhrien lukumäärä tapauskertojen mukaan (lkm.)";"2010";"Lievä pahoinpitely 21:7§";5240;4159
"Yhteensä";"KOKO MAA";"Uhrien lukumäärä tapauskertojen mukaan (lkm.)";"2010";"Ryöstö 31:1§1/1-2";921;297
"Yhteensä";"KOKO MAA";"Uhrien lukumäärä tapauskertojen mukaan (lkm.)";"2010";"Ryöstön yritys 31:1§2";101;62
"Yhteensä";"KOKO MAA";"Uhrien lukumäärä tapauskertojen mukaan (lkm.)";"2010";"Törkeä ryöstö 31:2§1/1-4";76;75
"Yhteensä";"KOKO MAA";"Uhrien lukumäärä tapauskertojen mukaan (lkm.)";"2010";"Törkeän ryöstön yritys 31:2§2";13;10
"Yhteensä";"KOKO MAA";"Uhrien lukumäärä tapauskertojen mukaan (lkm.)";"2010";"Kiristys 31:3§1";32;21
"Yhteensä";"KOKO MAA";"Uhrien lukumäärä tapauskertojen mukaan (lkm.)";"2010";"Kiristyksen yritys 31:3§2";15;10
"Yhteensä";"KOKO MAA";"Uhrien lukumäärä tapauskertojen mukaan (lkm.)";"2010";"Törkeä kiristys 31:4§1/1-4";9;1
"Yhteensä";"KOKO MAA";"Uhrien lukumäärä tapauskertojen mukaan (lkm.)";"2010";"Törkeän kiristyksen yritys 31:4§2";3;4
"Yhteensä";"KOKO MAA";"Uhrien lukumäärä tapauskertojen mukaan (lkm.)";"2010";"Vapaudenriisto 25:1-2§";94;114
"Yhteensä";"KOKO MAA";"Uhrien lukumäärä tapauskertojen mukaan (lkm.)";"2010";"Laiton uhkaus 25:7§";1513;1570
"Yhteensä";"KOKO MAA";"Uhrien lukumäärä tapauskertojen mukaan (lkm.)";"2010";"Vainoaminen 25:7a§";0;0
"Yhteensä";"KOKO MAA";"Uhrien lukumäärä tapauskertojen mukaan (lkm.)";"2010";"Kuolemantuottamus 21:8-9";46;30
"Yhteensä";"KOKO MAA";"Uhrien lukumäärä tapauskertojen mukaan (lkm.)";"2010";"Ihmiskauppa 25:3, 3a";0;1
"Yhteensä";"KOKO MAA";"Uhrien lukumäärä tapauskertojen mukaan (lkm.)";"2010";"Panttivangin ottaminen 25:4";30;22
"Yhteensä";"KOKO MAA";"Uhrien lukumäärä tapauskertojen mukaan (lkm.)";"2010";"Terrostisessa tarkoituksessa tehdyt rikokset";0;0
"Yhteensä";"KOKO MAA";"Uhrien lukumäärä tapauskertojen mukaan (lkm.)";"2011";"YHTEENSÄ";31799;24828
"Yhteensä";"KOKO MAA";"Uhrien lukumäärä tapauskertojen mukaan (lkm.)";"2011";"Raiskaus 20:§1-2,4";13;710
"Yhteensä";"KOKO MAA";"Uhrien lukumäärä tapauskertojen mukaan (lkm.)";"2011";"Törkeä raiskaus 20:2";2;35
"Yhteensä";"KOKO MAA";"Uhrien lukumäärä tapauskertojen mukaan (lkm.)";"2011";"Raiskaus (3 mom) 20:1§3-4";0;0
"Yhteensä";"KOKO MAA";"Uhrien lukumäärä tapauskertojen mukaan (lkm.)";"2011";"Pakottaminen sukupuoliyhteyteen 20:3";6;201
"Yhteensä";"KOKO MAA";"Uhrien lukumäärä tapauskertojen mukaan (lkm.)";"2011";"Lapsen seksuaalinen hyväksikäyttö 20:6";270;1017
"Yhteensä";"KOKO MAA";"Uhrien lukumäärä tapauskertojen mukaan (lkm.)";"2011";"Törkeä lapsen seksuaalinen hyväksikäyttö 20:7";39;380
"Yhteensä";"KOKO MAA";"Uhrien lukumäärä tapauskertojen mukaan (lkm.)";"2011";"Törkeä lapsenraiskaus 20:7b";0;0
"Yhteensä";"KOKO MAA";"Uhrien lukumäärä tapauskertojen mukaan (lkm.)";"2011";"Seksuaalinen ahdistelu 20:5a§1";0;0
"Yhteensä";"KOKO MAA";"Uhrien lukumäärä tapauskertojen mukaan (lkm.)";"2011";"Seksuaalinen hyväksikäyttö 20:5§1,3";39;269
"Yhteensä";"KOKO MAA";"Uhrien lukumäärä tapauskertojen mukaan (lkm.)";"2011";"Pakottaminen seksuaaliseen tekoon 20:4";14;113
"Yhteensä";"KOKO MAA";"Uhrien lukumäärä tapauskertojen mukaan (lkm.)";"2011";"Seksikaupan kohteena olevan henkilön hyväksikäyttö 20:8";0;0
"Yhteensä";"KOKO MAA";"Uhrien lukumäärä tapauskertojen mukaan (lkm.)";"2011";"Seksuaalipalvelujen ostaminen nuorelta 20:8a§1-2";2;11
"Yhteensä";"KOKO MAA";"Uhrien lukumäärä tapauskertojen mukaan (lkm.)";"2011";"Lapsen houkutteleminen seksuaalisiin tarkoituksiin 20:8b§";2;11
"Yhteensä";"KOKO MAA";"Uhrien lukumäärä tapauskertojen mukaan (lkm.)";"2011";"Paritus 20:9";1;7
"Yhteensä";"KOKO MAA";"Uhrien lukumäärä tapauskertojen mukaan (lkm.)";"2011";"Tappo 21:1§1";39;18
"Yhteensä";"KOKO MAA";"Uhrien lukumäärä tapauskertojen mukaan (lkm.)";"2011";"Murha 21:2§1/1-4";26;19
"Yhteensä";"KOKO MAA";"Uhrien lukumäärä tapauskertojen mukaan (lkm.)";"2011";"Surma 21:3§1";0;1
"Yhteensä";"KOKO MAA";"Uhrien lukumäärä tapauskertojen mukaan (lkm.)";"2011";"Tapon yritys 21:1§2";224;53
"Yhteensä";"KOKO MAA";"Uhrien lukumäärä tapauskertojen mukaan (lkm.)";"2011";"Murhan yritys 21:2§2";21;6
"Yhteensä";"KOKO MAA";"Uhrien lukumäärä tapauskertojen mukaan (lkm.)";"2011";"Surman yritys 21:3§2";0;0
"Yhteensä";"KOKO MAA";"Uhrien lukumäärä tapauskertojen mukaan (lkm.)";"2011";"Pahoinpitely 21:5";17037;10676
"Yhteensä";"KOKO MAA";"Uhrien lukumäärä tapauskertojen mukaan (lkm.)";"2011";"Törkeä pahoinpitely 21:6";1685;450
"Yhteensä";"KOKO MAA";"Uhrien lukumäärä tapauskertojen mukaan (lkm.)";"2011";"Lievä pahoinpitely 21:7§";5946;5265
"Yhteensä";"KOKO MAA";"Uhrien lukumäärä tapauskertojen mukaan (lkm.)";"2011";"Ryöstö 31:1§1/1-2";979;292
"Yhteensä";"KOKO MAA";"Uhrien lukumäärä tapauskertojen mukaan (lkm.)";"2011";"Ryöstön yritys 31:1§2";129;80
"Yhteensä";"KOKO MAA";"Uhrien lukumäärä tapauskertojen mukaan (lkm.)";"2011";"Törkeä ryöstö 31:2§1/1-4";101;91
"Yhteensä";"KOKO MAA";"Uhrien lukumäärä tapauskertojen mukaan (lkm.)";"2011";"Törkeän ryöstön yritys 31:2§2";43;13
"Yhteensä";"KOKO MAA";"Uhrien lukumäärä tapauskertojen mukaan (lkm.)";"2011";"Kiristys 31:3§1";118;44
"Yhteensä";"KOKO MAA";"Uhrien lukumäärä tapauskertojen mukaan (lkm.)";"2011";"Kiristyksen yritys 31:3§2";28;25
"Yhteensä";"KOKO MAA";"Uhrien lukumäärä tapauskertojen mukaan (lkm.)";"2011";"Törkeä kiristys 31:4§1/1-4";38;9
"Yhteensä";"KOKO MAA";"Uhrien lukumäärä tapauskertojen mukaan (lkm.)";"2011";"Törkeän kiristyksen yritys 31:4§2";7;1
"Yhteensä";"KOKO MAA";"Uhrien lukumäärä tapauskertojen mukaan (lkm.)";"2011";"Vapaudenriisto 25:1-2§";140;178
"Yhteensä";"KOKO MAA";"Uhrien lukumäärä tapauskertojen mukaan (lkm.)";"2011";"Laiton uhkaus 25:7§";4704;4770
"Yhteensä";"KOKO MAA";"Uhrien lukumäärä tapauskertojen mukaan (lkm.)";"2011";"Vainoaminen 25:7a§";0;0
"Yhteensä";"KOKO MAA";"Uhrien lukumäärä tapauskertojen mukaan (lkm.)";"2011";"Kuolemantuottamus 21:8-9";43;20
"Yhteensä";"KOKO MAA";"Uhrien lukumäärä tapauskertojen mukaan (lkm.)";"2011";"Ihmiskauppa 25:3, 3a";13;11
"Yhteensä";"KOKO MAA";"Uhrien lukumäärä tapauskertojen mukaan (lkm.)";"2011";"Panttivangin ottaminen 25:4";85;46
"Yhteensä";"KOKO MAA";"Uhrien lukumäärä tapauskertojen mukaan (lkm.)";"2011";"Terrostisessa tarkoituksessa tehdyt rikokset";0;0
"Yhteensä";"KOKO MAA";"Uhrien lukumäärä tapauskertojen mukaan (lkm.)";"2012";"YHTEENSÄ";30977;25204
"Yhteensä";"KOKO MAA";"Uhrien lukumäärä tapauskertojen mukaan (lkm.)";"2012";"Raiskaus 20:§1-2,4";9;750
"Yhteensä";"KOKO MAA";"Uhrien lukumäärä tapauskertojen mukaan (lkm.)";"2012";"Törkeä raiskaus 20:2";6;32
"Yhteensä";"KOKO MAA";"Uhrien lukumäärä tapauskertojen mukaan (lkm.)";"2012";"Raiskaus (3 mom) 20:1§3-4";0;0
"Yhteensä";"KOKO MAA";"Uhrien lukumäärä tapauskertojen mukaan (lkm.)";"2012";"Pakottaminen sukupuoliyhteyteen 20:3";2;179
"Yhteensä";"KOKO MAA";"Uhrien lukumäärä tapauskertojen mukaan (lkm.)";"2012";"Lapsen seksuaalinen hyväksikäyttö 20:6";179;1038
"Yhteensä";"KOKO MAA";"Uhrien lukumäärä tapauskertojen mukaan (lkm.)";"2012";"Törkeä lapsen seksuaalinen hyväksikäyttö 20:7";41;343
"Yhteensä";"KOKO MAA";"Uhrien lukumäärä tapauskertojen mukaan (lkm.)";"2012";"Törkeä lapsenraiskaus 20:7b";0;0
"Yhteensä";"KOKO MAA";"Uhrien lukumäärä tapauskertojen mukaan (lkm.)";"2012";"Seksuaalinen ahdistelu 20:5a§1";0;0
"Yhteensä";"KOKO MAA";"Uhrien lukumäärä tapauskertojen mukaan (lkm.)";"2012";"Seksuaalinen hyväksikäyttö 20:5§1,3";23;468
"Yhteensä";"KOKO MAA";"Uhrien lukumäärä tapauskertojen mukaan (lkm.)";"2012";"Pakottaminen seksuaaliseen tekoon 20:4";16;149
"Yhteensä";"KOKO MAA";"Uhrien lukumäärä tapauskertojen mukaan (lkm.)";"2012";"Seksikaupan kohteena olevan henkilön hyväksikäyttö 20:8";0;0
"Yhteensä";"KOKO MAA";"Uhrien lukumäärä tapauskertojen mukaan (lkm.)";"2012";"Seksuaalipalvelujen ostaminen nuorelta 20:8a§1-2";71;57
"Yhteensä";"KOKO MAA";"Uhrien lukumäärä tapauskertojen mukaan (lkm.)";"2012";"Lapsen houkutteleminen seksuaalisiin tarkoituksiin 20:8b§";7;42
"Yhteensä";"KOKO MAA";"Uhrien lukumäärä tapauskertojen mukaan (lkm.)";"2012";"Paritus 20:9";0;11
"Yhteensä";"KOKO MAA";"Uhrien lukumäärä tapauskertojen mukaan (lkm.)";"2012";"Tappo 21:1§1";24;17
"Yhteensä";"KOKO MAA";"Uhrien lukumäärä tapauskertojen mukaan (lkm.)";"2012";"Murha 21:2§1/1-4";15;22
"Yhteensä";"KOKO MAA";"Uhrien lukumäärä tapauskertojen mukaan (lkm.)";"2012";"Surma 21:3§1";0;0
"Yhteensä";"KOKO MAA";"Uhrien lukumäärä tapauskertojen mukaan (lkm.)";"2012";"Tapon yritys 21:1§2";265;59
"Yhteensä";"KOKO MAA";"Uhrien lukumäärä tapauskertojen mukaan (lkm.)";"2012";"Murhan yritys 21:2§2";79;33
"Yhteensä";"KOKO MAA";"Uhrien lukumäärä tapauskertojen mukaan (lkm.)";"2012";"Surman yritys 21:3§2";0;0
"Yhteensä";"KOKO MAA";"Uhrien lukumäärä tapauskertojen mukaan (lkm.)";"2012";"Pahoinpitely 21:5";15933;10311
"Yhteensä";"KOKO MAA";"Uhrien lukumäärä tapauskertojen mukaan (lkm.)";"2012";"Törkeä pahoinpitely 21:6";1494;379
"Yhteensä";"KOKO MAA";"Uhrien lukumäärä tapauskertojen mukaan (lkm.)";"2012";"Lievä pahoinpitely 21:7§";5688;5177
"Yhteensä";"KOKO MAA";"Uhrien lukumäärä tapauskertojen mukaan (lkm.)";"2012";"Ryöstö 31:1§1/1-2";904;367
"Yhteensä";"KOKO MAA";"Uhrien lukumäärä tapauskertojen mukaan (lkm.)";"2012";"Ryöstön yritys 31:1§2";150;82
"Yhteensä";"KOKO MAA";"Uhrien lukumäärä tapauskertojen mukaan (lkm.)";"2012";"Törkeä ryöstö 31:2§1/1-4";119;86
"Yhteensä";"KOKO MAA";"Uhrien lukumäärä tapauskertojen mukaan (lkm.)";"2012";"Törkeän ryöstön yritys 31:2§2";25;14
"Yhteensä";"KOKO MAA";"Uhrien lukumäärä tapauskertojen mukaan (lkm.)";"2012";"Kiristys 31:3§1";281;92
"Yhteensä";"KOKO MAA";"Uhrien lukumäärä tapauskertojen mukaan (lkm.)";"2012";"Kiristyksen yritys 31:3§2";470;130
"Yhteensä";"KOKO MAA";"Uhrien lukumäärä tapauskertojen mukaan (lkm.)";"2012";"Törkeä kiristys 31:4§1/1-4";31;10
"Yhteensä";"KOKO MAA";"Uhrien lukumäärä tapauskertojen mukaan (lkm.)";"2012";"Törkeän kiristyksen yritys 31:4§2";9;1
"Yhteensä";"KOKO MAA";"Uhrien lukumäärä tapauskertojen mukaan (lkm.)";"2012";"Vapaudenriisto 25:1-2§";132;191
"Yhteensä";"KOKO MAA";"Uhrien lukumäärä tapauskertojen mukaan (lkm.)";"2012";"Laiton uhkaus 25:7§";4811;5051
"Yhteensä";"KOKO MAA";"Uhrien lukumäärä tapauskertojen mukaan (lkm.)";"2012";"Vainoaminen 25:7a§";0;0
"Yhteensä";"KOKO MAA";"Uhrien lukumäärä tapauskertojen mukaan (lkm.)";"2012";"Kuolemantuottamus 21:8-9";97;40
"Yhteensä";"KOKO MAA";"Uhrien lukumäärä tapauskertojen mukaan (lkm.)";"2012";"Ihmiskauppa 25:3, 3a";43;18
"Yhteensä";"KOKO MAA";"Uhrien lukumäärä tapauskertojen mukaan (lkm.)";"2012";"Panttivangin ottaminen 25:4";52;50
"Yhteensä";"KOKO MAA";"Uhrien lukumäärä tapauskertojen mukaan (lkm.)";"2012";"Terrostisessa tarkoituksessa tehdyt rikokset";0;0
"Yhteensä";"KOKO MAA";"Uhrien lukumäärä tapauskertojen mukaan (lkm.)";"2013";"YHTEENSÄ";28511;22943
"Yhteensä";"KOKO MAA";"Uhrien lukumäärä tapauskertojen mukaan (lkm.)";"2013";"Raiskaus 20:§1-2,4";12;720
"Yhteensä";"KOKO MAA";"Uhrien lukumäärä tapauskertojen mukaan (lkm.)";"2013";"Törkeä raiskaus 20:2";1;31
"Yhteensä";"KOKO MAA";"Uhrien lukumäärä tapauskertojen mukaan (lkm.)";"2013";"Raiskaus (3 mom) 20:1§3-4";0;0
"Yhteensä";"KOKO MAA";"Uhrien lukumäärä tapauskertojen mukaan (lkm.)";"2013";"Pakottaminen sukupuoliyhteyteen 20:3";8;172
"Yhteensä";"KOKO MAA";"Uhrien lukumäärä tapauskertojen mukaan (lkm.)";"2013";"Lapsen seksuaalinen hyväksikäyttö 20:6";152;962
"Yhteensä";"KOKO MAA";"Uhrien lukumäärä tapauskertojen mukaan (lkm.)";"2013";"Törkeä lapsen seksuaalinen hyväksikäyttö 20:7";22;364
"Yhteensä";"KOKO MAA";"Uhrien lukumäärä tapauskertojen mukaan (lkm.)";"2013";"Törkeä lapsenraiskaus 20:7b";0;0
"Yhteensä";"KOKO MAA";"Uhrien lukumäärä tapauskertojen mukaan (lkm.)";"2013";"Seksuaalinen ahdistelu 20:5a§1";0;0
"Yhteensä";"KOKO MAA";"Uhrien lukumäärä tapauskertojen mukaan (lkm.)";"2013";"Seksuaalinen hyväksikäyttö 20:5§1,3";11;154
"Yhteensä";"KOKO MAA";"Uhrien lukumäärä tapauskertojen mukaan (lkm.)";"2013";"Pakottaminen seksuaaliseen tekoon 20:4";14;165
"Yhteensä";"KOKO MAA";"Uhrien lukumäärä tapauskertojen mukaan (lkm.)";"2013";"Seksikaupan kohteena olevan henkilön hyväksikäyttö 20:8";0;0
"Yhteensä";"KOKO MAA";"Uhrien lukumäärä tapauskertojen mukaan (lkm.)";"2013";"Seksuaalipalvelujen ostaminen nuorelta 20:8a§1-2";0;11
"Yhteensä";"KOKO MAA";"Uhrien lukumäärä tapauskertojen mukaan (lkm.)";"2013";"Lapsen houkutteleminen seksuaalisiin tarkoituksiin 20:8b§";7;55
"Yhteensä";"KOKO MAA";"Uhrien lukumäärä tapauskertojen mukaan (lkm.)";"2013";"Paritus 20:9";0;3
"Yhteensä";"KOKO MAA";"Uhrien lukumäärä tapauskertojen mukaan (lkm.)";"2013";"Tappo 21:1§1";42;9
"Yhteensä";"KOKO MAA";"Uhrien lukumäärä tapauskertojen mukaan (lkm.)";"2013";"Murha 21:2§1/1-4";24;13
"Yhteensä";"KOKO MAA";"Uhrien lukumäärä tapauskertojen mukaan (lkm.)";"2013";"Surma 21:3§1";0;0
"Yhteensä";"KOKO MAA";"Uhrien lukumäärä tapauskertojen mukaan (lkm.)";"2013";"Tapon yritys 21:1§2";194;44
"Yhteensä";"KOKO MAA";"Uhrien lukumäärä tapauskertojen mukaan (lkm.)";"2013";"Murhan yritys 21:2§2";17;10
"Yhteensä";"KOKO MAA";"Uhrien lukumäärä tapauskertojen mukaan (lkm.)";"2013";"Surman yritys 21:3§2";0;0
"Yhteensä";"KOKO MAA";"Uhrien lukumäärä tapauskertojen mukaan (lkm.)";"2013";"Pahoinpitely 21:5";14703;9603
"Yhteensä";"KOKO MAA";"Uhrien lukumäärä tapauskertojen mukaan (lkm.)";"2013";"Törkeä pahoinpitely 21:6";1434;376
"Yhteensä";"KOKO MAA";"Uhrien lukumäärä tapauskertojen mukaan (lkm.)";"2013";"Lievä pahoinpitely 21:7§";5187;4371
"Yhteensä";"KOKO MAA";"Uhrien lukumäärä tapauskertojen mukaan (lkm.)";"2013";"Ryöstö 31:1§1/1-2";856;330
"Yhteensä";"KOKO MAA";"Uhrien lukumäärä tapauskertojen mukaan (lkm.)";"2013";"Ryöstön yritys 31:1§2";132;70
"Yhteensä";"KOKO MAA";"Uhrien lukumäärä tapauskertojen mukaan (lkm.)";"2013";"Törkeä ryöstö 31:2§1/1-4";118;79
"Yhteensä";"KOKO MAA";"Uhrien lukumäärä tapauskertojen mukaan (lkm.)";"2013";"Törkeän ryöstön yritys 31:2§2";11;12
"Yhteensä";"KOKO MAA";"Uhrien lukumäärä tapauskertojen mukaan (lkm.)";"2013";"Kiristys 31:3§1";178;76
"Yhteensä";"KOKO MAA";"Uhrien lukumäärä tapauskertojen mukaan (lkm.)";"2013";"Kiristyksen yritys 31:3§2";187;40
"Yhteensä";"KOKO MAA";"Uhrien lukumäärä tapauskertojen mukaan (lkm.)";"2013";"Törkeä kiristys 31:4§1/1-4";30;7
"Yhteensä";"KOKO MAA";"Uhrien lukumäärä tapauskertojen mukaan (lkm.)";"2013";"Törkeän kiristyksen yritys 31:4§2";46;22
"Yhteensä";"KOKO MAA";"Uhrien lukumäärä tapauskertojen mukaan (lkm.)";"2013";"Vapaudenriisto 25:1-2§";174;186
"Yhteensä";"KOKO MAA";"Uhrien lukumäärä tapauskertojen mukaan (lkm.)";"2013";"Laiton uhkaus 25:7§";4836;4967
"Yhteensä";"KOKO MAA";"Uhrien lukumäärä tapauskertojen mukaan (lkm.)";"2013";"Vainoaminen 25:7a§";0;0
"Yhteensä";"KOKO MAA";"Uhrien lukumäärä tapauskertojen mukaan (lkm.)";"2013";"Kuolemantuottamus 21:8-9";39;31
"Yhteensä";"KOKO MAA";"Uhrien lukumäärä tapauskertojen mukaan (lkm.)";"2013";"Ihmiskauppa 25:3, 3a";9;13
"Yhteensä";"KOKO MAA";"Uhrien lukumäärä tapauskertojen mukaan (lkm.)";"2013";"Panttivangin ottaminen 25:4";65;44
"Yhteensä";"KOKO MAA";"Uhrien lukumäärä tapauskertojen mukaan (lkm.)";"2013";"Terrostisessa tarkoituksessa tehdyt rikokset";0;0
"Yhteensä";"KOKO MAA";"Uhrien lukumäärä tapauskertojen mukaan (lkm.)";"2014";"YHTEENSÄ";26451;22343
"Yhteensä";"KOKO MAA";"Uhrien lukumäärä tapauskertojen mukaan (lkm.)";"2014";"Raiskaus 20:§1-2,4";24;800
"Yhteensä";"KOKO MAA";"Uhrien lukumäärä tapauskertojen mukaan (lkm.)";"2014";"Törkeä raiskaus 20:2";6;45
"Yhteensä";"KOKO MAA";"Uhrien lukumäärä tapauskertojen mukaan (lkm.)";"2014";"Raiskaus (3 mom) 20:1§3-4";2;16
"Yhteensä";"KOKO MAA";"Uhrien lukumäärä tapauskertojen mukaan (lkm.)";"2014";"Pakottaminen sukupuoliyhteyteen 20:3";1;82
"Yhteensä";"KOKO MAA";"Uhrien lukumäärä tapauskertojen mukaan (lkm.)";"2014";"Lapsen seksuaalinen hyväksikäyttö 20:6";126;841
"Yhteensä";"KOKO MAA";"Uhrien lukumäärä tapauskertojen mukaan (lkm.)";"2014";"Törkeä lapsen seksuaalinen hyväksikäyttö 20:7";9;438
"Yhteensä";"KOKO MAA";"Uhrien lukumäärä tapauskertojen mukaan (lkm.)";"2014";"Törkeä lapsenraiskaus 20:7b";0;0
"Yhteensä";"KOKO MAA";"Uhrien lukumäärä tapauskertojen mukaan (lkm.)";"2014";"Seksuaalinen ahdistelu 20:5a§1";2;70
"Yhteensä";"KOKO MAA";"Uhrien lukumäärä tapauskertojen mukaan (lkm.)";"2014";"Seksuaalinen hyväksikäyttö 20:5§1,3";13;133
"Yhteensä";"KOKO MAA";"Uhrien lukumäärä tapauskertojen mukaan (lkm.)";"2014";"Pakottaminen seksuaaliseen tekoon 20:4";14;158
"Yhteensä";"KOKO MAA";"Uhrien lukumäärä tapauskertojen mukaan (lkm.)";"2014";"Seksikaupan kohteena olevan henkilön hyväksikäyttö 20:8";0;0
"Yhteensä";"KOKO MAA";"Uhrien lukumäärä tapauskertojen mukaan (lkm.)";"2014";"Seksuaalipalvelujen ostaminen nuorelta 20:8a§1-2";1;30
"Yhteensä";"KOKO MAA";"Uhrien lukumäärä tapauskertojen mukaan (lkm.)";"2014";"Lapsen houkutteleminen seksuaalisiin tarkoituksiin 20:8b§";20;91
"Yhteensä";"KOKO MAA";"Uhrien lukumäärä tapauskertojen mukaan (lkm.)";"2014";"Paritus 20:9";0;1
"Yhteensä";"KOKO MAA";"Uhrien lukumäärä tapauskertojen mukaan (lkm.)";"2014";"Tappo 21:1§1";42;12
"Yhteensä";"KOKO MAA";"Uhrien lukumäärä tapauskertojen mukaan (lkm.)";"2014";"Murha 21:2§1/1-4";16;16
"Yhteensä";"KOKO MAA";"Uhrien lukumäärä tapauskertojen mukaan (lkm.)";"2014";"Surma 21:3§1";0;0
"Yhteensä";"KOKO MAA";"Uhrien lukumäärä tapauskertojen mukaan (lkm.)";"2014";"Tapon yritys 21:1§2";224;52
"Yhteensä";"KOKO MAA";"Uhrien lukumäärä tapauskertojen mukaan (lkm.)";"2014";"Murhan yritys 21:2§2";396;24
"Yhteensä";"KOKO MAA";"Uhrien lukumäärä tapauskertojen mukaan (lkm.)";"2014";"Surman yritys 21:3§2";0;0
"Yhteensä";"KOKO MAA";"Uhrien lukumäärä tapauskertojen mukaan (lkm.)";"2014";"Pahoinpitely 21:5";13007;9055
"Yhteensä";"KOKO MAA";"Uhrien lukumäärä tapauskertojen mukaan (lkm.)";"2014";"Törkeä pahoinpitely 21:6";1316;359
"Yhteensä";"KOKO MAA";"Uhrien lukumäärä tapauskertojen mukaan (lkm.)";"2014";"Lievä pahoinpitely 21:7§";4842;4325
"Yhteensä";"KOKO MAA";"Uhrien lukumäärä tapauskertojen mukaan (lkm.)";"2014";"Ryöstö 31:1§1/1-2";963;348
"Yhteensä";"KOKO MAA";"Uhrien lukumäärä tapauskertojen mukaan (lkm.)";"2014";"Ryöstön yritys 31:1§2";165;86
"Yhteensä";"KOKO MAA";"Uhrien lukumäärä tapauskertojen mukaan (lkm.)";"2014";"Törkeä ryöstö 31:2§1/1-4";128;71
"Yhteensä";"KOKO MAA";"Uhrien lukumäärä tapauskertojen mukaan (lkm.)";"2014";"Törkeän ryöstön yritys 31:2§2";19;7
"Yhteensä";"KOKO MAA";"Uhrien lukumäärä tapauskertojen mukaan (lkm.)";"2014";"Kiristys 31:3§1";166;75
"Yhteensä";"KOKO MAA";"Uhrien lukumäärä tapauskertojen mukaan (lkm.)";"2014";"Kiristyksen yritys 31:3§2";76;24
"Yhteensä";"KOKO MAA";"Uhrien lukumäärä tapauskertojen mukaan (lkm.)";"2014";"Törkeä kiristys 31:4§1/1-4";25;8
"Yhteensä";"KOKO MAA";"Uhrien lukumäärä tapauskertojen mukaan (lkm.)";"2014";"Törkeän kiristyksen yritys 31:4§2";22;4
"Yhteensä";"KOKO MAA";"Uhrien lukumäärä tapauskertojen mukaan (lkm.)";"2014";"Vapaudenriisto 25:1-2§";119;194
"Yhteensä";"KOKO MAA";"Uhrien lukumäärä tapauskertojen mukaan (lkm.)";"2014";"Laiton uhkaus 25:7§";4561;4725
"Yhteensä";"KOKO MAA";"Uhrien lukumäärä tapauskertojen mukaan (lkm.)";"2014";"Vainoaminen 25:7a§";48;149
"Yhteensä";"KOKO MAA";"Uhrien lukumäärä tapauskertojen mukaan (lkm.)";"2014";"Kuolemantuottamus 21:8-9";30;29
"Yhteensä";"KOKO MAA";"Uhrien lukumäärä tapauskertojen mukaan (lkm.)";"2014";"Ihmiskauppa 25:3, 3a";12;19
"Yhteensä";"KOKO MAA";"Uhrien lukumäärä tapauskertojen mukaan (lkm.)";"2014";"Panttivangin ottaminen 25:4";53;49
"Yhteensä";"KOKO MAA";"Uhrien lukumäärä tapauskertojen mukaan (lkm.)";"2014";"Terrostisessa tarkoituksessa tehdyt rikokset";0;0
"Yhteensä";"KOKO MAA";"Uhrien lukumäärä tapauskertojen mukaan (lkm.)";"2015";"YHTEENSÄ";26487;22157
"Yhteensä";"KOKO MAA";"Uhrien lukumäärä tapauskertojen mukaan (lkm.)";"2015";"Raiskaus 20:§1-2,4";20;824
"Yhteensä";"KOKO MAA";"Uhrien lukumäärä tapauskertojen mukaan (lkm.)";"2015";"Törkeä raiskaus 20:2";4;119
"Yhteensä";"KOKO MAA";"Uhrien lukumäärä tapauskertojen mukaan (lkm.)";"2015";"Raiskaus (3 mom) 20:1§3-4";1;49
"Yhteensä";"KOKO MAA";"Uhrien lukumäärä tapauskertojen mukaan (lkm.)";"2015";"Pakottaminen sukupuoliyhteyteen 20:3";0;10
"Yhteensä";"KOKO MAA";"Uhrien lukumäärä tapauskertojen mukaan (lkm.)";"2015";"Lapsen seksuaalinen hyväksikäyttö 20:6";119;784
"Yhteensä";"KOKO MAA";"Uhrien lukumäärä tapauskertojen mukaan (lkm.)";"2015";"Törkeä lapsen seksuaalinen hyväksikäyttö 20:7";33;271
"Yhteensä";"KOKO MAA";"Uhrien lukumäärä tapauskertojen mukaan (lkm.)";"2015";"Törkeä lapsenraiskaus 20:7b";0;0
"Yhteensä";"KOKO MAA";"Uhrien lukumäärä tapauskertojen mukaan (lkm.)";"2015";"Seksuaalinen ahdistelu 20:5a§1";12;268
"Yhteensä";"KOKO MAA";"Uhrien lukumäärä tapauskertojen mukaan (lkm.)";"2015";"Seksuaalinen hyväksikäyttö 20:5§1,3";15;83
"Yhteensä";"KOKO MAA";"Uhrien lukumäärä tapauskertojen mukaan (lkm.)";"2015";"Pakottaminen seksuaaliseen tekoon 20:4";6;107
"Yhteensä";"KOKO MAA";"Uhrien lukumäärä tapauskertojen mukaan (lkm.)";"2015";"Seksikaupan kohteena olevan henkilön hyväksikäyttö 20:8";0;1
"Yhteensä";"KOKO MAA";"Uhrien lukumäärä tapauskertojen mukaan (lkm.)";"2015";"Seksuaalipalvelujen ostaminen nuorelta 20:8a§1-2";16;23
"Yhteensä";"KOKO MAA";"Uhrien lukumäärä tapauskertojen mukaan (lkm.)";"2015";"Lapsen houkutteleminen seksuaalisiin tarkoituksiin 20:8b§";21;49
"Yhteensä";"KOKO MAA";"Uhrien lukumäärä tapauskertojen mukaan (lkm.)";"2015";"Paritus 20:9";0;1
"Yhteensä";"KOKO MAA";"Uhrien lukumäärä tapauskertojen mukaan (lkm.)";"2015";"Tappo 21:1§1";36;9
"Yhteensä";"KOKO MAA";"Uhrien lukumäärä tapauskertojen mukaan (lkm.)";"2015";"Murha 21:2§1/1-4";22;10
"Yhteensä";"KOKO MAA";"Uhrien lukumäärä tapauskertojen mukaan (lkm.)";"2015";"Surma 21:3§1";0;0
"Yhteensä";"KOKO MAA";"Uhrien lukumäärä tapauskertojen mukaan (lkm.)";"2015";"Tapon yritys 21:1§2";230;56
"Yhteensä";"KOKO MAA";"Uhrien lukumäärä tapauskertojen mukaan (lkm.)";"2015";"Murhan yritys 21:2§2";25;7
"Yhteensä";"KOKO MAA";"Uhrien lukumäärä tapauskertojen mukaan (lkm.)";"2015";"Surman yritys 21:3§2";0;0
"Yhteensä";"KOKO MAA";"Uhrien lukumäärä tapauskertojen mukaan (lkm.)";"2015";"Pahoinpitely 21:5";13670;9233
"Yhteensä";"KOKO MAA";"Uhrien lukumäärä tapauskertojen mukaan (lkm.)";"2015";"Törkeä pahoinpitely 21:6";1200;364
"Yhteensä";"KOKO MAA";"Uhrien lukumäärä tapauskertojen mukaan (lkm.)";"2015";"Lievä pahoinpitely 21:7§";5005;4288
"Yhteensä";"KOKO MAA";"Uhrien lukumäärä tapauskertojen mukaan (lkm.)";"2015";"Ryöstö 31:1§1/1-2";787;342
"Yhteensä";"KOKO MAA";"Uhrien lukumäärä tapauskertojen mukaan (lkm.)";"2015";"Ryöstön yritys 31:1§2";133;74
"Yhteensä";"KOKO MAA";"Uhrien lukumäärä tapauskertojen mukaan (lkm.)";"2015";"Törkeä ryöstö 31:2§1/1-4";161;93
"Yhteensä";"KOKO MAA";"Uhrien lukumäärä tapauskertojen mukaan (lkm.)";"2015";"Törkeän ryöstön yritys 31:2§2";26;19
"Yhteensä";"KOKO MAA";"Uhrien lukumäärä tapauskertojen mukaan (lkm.)";"2015";"Kiristys 31:3§1";144;51
"Yhteensä";"KOKO MAA";"Uhrien lukumäärä tapauskertojen mukaan (lkm.)";"2015";"Kiristyksen yritys 31:3§2";73;18
"Yhteensä";"KOKO MAA";"Uhrien lukumäärä tapauskertojen mukaan (lkm.)";"2015";"Törkeä kiristys 31:4§1/1-4";24;5
"Yhteensä";"KOKO MAA";"Uhrien lukumäärä tapauskertojen mukaan (lkm.)";"2015";"Törkeän kiristyksen yritys 31:4§2";20;2
"Yhteensä";"KOKO MAA";"Uhrien lukumäärä tapauskertojen mukaan (lkm.)";"2015";"Vapaudenriisto 25:1-2§";120;198
"Yhteensä";"KOKO MAA";"Uhrien lukumäärä tapauskertojen mukaan (lkm.)";"2015";"Laiton uhkaus 25:7§";4424;4519
"Yhteensä";"KOKO MAA";"Uhrien lukumäärä tapauskertojen mukaan (lkm.)";"2015";"Vainoaminen 25:7a§";50;194
"Yhteensä";"KOKO MAA";"Uhrien lukumäärä tapauskertojen mukaan (lkm.)";"2015";"Kuolemantuottamus 21:8-9";46;17
"Yhteensä";"KOKO MAA";"Uhrien lukumäärä tapauskertojen mukaan (lkm.)";"2015";"Ihmiskauppa 25:3, 3a";7;19
"Yhteensä";"KOKO MAA";"Uhrien lukumäärä tapauskertojen mukaan (lkm.)";"2015";"Panttivangin ottaminen 25:4";35;46
"Yhteensä";"KOKO MAA";"Uhrien lukumäärä tapauskertojen mukaan (lkm.)";"2015";"Terrostisessa tarkoituksessa tehdyt rikokset";0;0
"Yhteensä";"KOKO MAA";"Uhrien lukumäärä tapauskertojen mukaan (lkm.)";"2016";"YHTEENSÄ";26976;23015
"Yhteensä";"KOKO MAA";"Uhrien lukumäärä tapauskertojen mukaan (lkm.)";"2016";"Raiskaus 20:§1-2,4";32;919
"Yhteensä";"KOKO MAA";"Uhrien lukumäärä tapauskertojen mukaan (lkm.)";"2016";"Törkeä raiskaus 20:2";11;119
"Yhteensä";"KOKO MAA";"Uhrien lukumäärä tapauskertojen mukaan (lkm.)";"2016";"Raiskaus (3 mom) 20:1§3-4";1;47
"Yhteensä";"KOKO MAA";"Uhrien lukumäärä tapauskertojen mukaan (lkm.)";"2016";"Pakottaminen sukupuoliyhteyteen 20:3";0;1
"Yhteensä";"KOKO MAA";"Uhrien lukumäärä tapauskertojen mukaan (lkm.)";"2016";"Lapsen seksuaalinen hyväksikäyttö 20:6";115;757
"Yhteensä";"KOKO MAA";"Uhrien lukumäärä tapauskertojen mukaan (lkm.)";"2016";"Törkeä lapsen seksuaalinen hyväksikäyttö 20:7";29;299
"Yhteensä";"KOKO MAA";"Uhrien lukumäärä tapauskertojen mukaan (lkm.)";"2016";"Törkeä lapsenraiskaus 20:7b";0;0
"Yhteensä";"KOKO MAA";"Uhrien lukumäärä tapauskertojen mukaan (lkm.)";"2016";"Seksuaalinen ahdistelu 20:5a§1";16;511
"Yhteensä";"KOKO MAA";"Uhrien lukumäärä tapauskertojen mukaan (lkm.)";"2016";"Seksuaalinen hyväksikäyttö 20:5§1,3";19;80
"Yhteensä";"KOKO MAA";"Uhrien lukumäärä tapauskertojen mukaan (lkm.)";"2016";"Pakottaminen seksuaaliseen tekoon 20:4";12;129
"Yhteensä";"KOKO MAA";"Uhrien lukumäärä tapauskertojen mukaan (lkm.)";"2016";"Seksikaupan kohteena olevan henkilön hyväksikäyttö 20:8";0;0
"Yhteensä";"KOKO MAA";"Uhrien lukumäärä tapauskertojen mukaan (lkm.)";"2016";"Seksuaalipalvelujen ostaminen nuorelta 20:8a§1-2";4;12
"Yhteensä";"KOKO MAA";"Uhrien lukumäärä tapauskertojen mukaan (lkm.)";"2016";"Lapsen houkutteleminen seksuaalisiin tarkoituksiin 20:8b§";14;64
"Yhteensä";"KOKO MAA";"Uhrien lukumäärä tapauskertojen mukaan (lkm.)";"2016";"Paritus 20:9";0;1
"Yhteensä";"KOKO MAA";"Uhrien lukumäärä tapauskertojen mukaan (lkm.)";"2016";"Tappo 21:1§1";39;10
"Yhteensä";"KOKO MAA";"Uhrien lukumäärä tapauskertojen mukaan (lkm.)";"2016";"Murha 21:2§1/1-4";8;10
"Yhteensä";"KOKO MAA";"Uhrien lukumäärä tapauskertojen mukaan (lkm.)";"2016";"Surma 21:3§1";0;0
"Yhteensä";"KOKO MAA";"Uhrien lukumäärä tapauskertojen mukaan (lkm.)";"2016";"Tapon yritys 21:1§2";204;58
"Yhteensä";"KOKO MAA";"Uhrien lukumäärä tapauskertojen mukaan (lkm.)";"2016";"Murhan yritys 21:2§2";153;6
"Yhteensä";"KOKO MAA";"Uhrien lukumäärä tapauskertojen mukaan (lkm.)";"2016";"Surman yritys 21:3§2";0;0
"Yhteensä";"KOKO MAA";"Uhrien lukumäärä tapauskertojen mukaan (lkm.)";"2016";"Pahoinpitely 21:5";13497;9379
"Yhteensä";"KOKO MAA";"Uhrien lukumäärä tapauskertojen mukaan (lkm.)";"2016";"Törkeä pahoinpitely 21:6";1270;365
"Yhteensä";"KOKO MAA";"Uhrien lukumäärä tapauskertojen mukaan (lkm.)";"2016";"Lievä pahoinpitely 21:7§";4933;4222
"Yhteensä";"KOKO MAA";"Uhrien lukumäärä tapauskertojen mukaan (lkm.)";"2016";"Ryöstö 31:1§1/1-2";911;309
"Yhteensä";"KOKO MAA";"Uhrien lukumäärä tapauskertojen mukaan (lkm.)";"2016";"Ryöstön yritys 31:1§2";143;84
"Yhteensä";"KOKO MAA";"Uhrien lukumäärä tapauskertojen mukaan (lkm.)";"2016";"Törkeä ryöstö 31:2§1/1-4";159;88
"Yhteensä";"KOKO MAA";"Uhrien lukumäärä tapauskertojen mukaan (lkm.)";"2016";"Törkeän ryöstön yritys 31:2§2";32;16
"Yhteensä";"KOKO MAA";"Uhrien lukumäärä tapauskertojen mukaan (lkm.)";"2016";"Kiristys 31:3§1";156;55
"Yhteensä";"KOKO MAA";"Uhrien lukumäärä tapauskertojen mukaan (lkm.)";"2016";"Kiristyksen yritys 31:3§2";107;22
"Yhteensä";"KOKO MAA";"Uhrien lukumäärä tapauskertojen mukaan (lkm.)";"2016";"Törkeä kiristys 31:4§1/1-4";45;8
"Yhteensä";"KOKO MAA";"Uhrien lukumäärä tapauskertojen mukaan (lkm.)";"2016";"Törkeän kiristyksen yritys 31:4§2";16;3
"Yhteensä";"KOKO MAA";"Uhrien lukumäärä tapauskertojen mukaan (lkm.)";"2016";"Vapaudenriisto 25:1-2§";108;144
"Yhteensä";"KOKO MAA";"Uhrien lukumäärä tapauskertojen mukaan (lkm.)";"2016";"Laiton uhkaus 25:7§";4761;4906
"Yhteensä";"KOKO MAA";"Uhrien lukumäärä tapauskertojen mukaan (lkm.)";"2016";"Vainoaminen 25:7a§";74;258
"Yhteensä";"KOKO MAA";"Uhrien lukumäärä tapauskertojen mukaan (lkm.)";"2016";"Kuolemantuottamus 21:8-9";36;24
"Yhteensä";"KOKO MAA";"Uhrien lukumäärä tapauskertojen mukaan (lkm.)";"2016";"Ihmiskauppa 25:3, 3a";30;59
"Yhteensä";"KOKO MAA";"Uhrien lukumäärä tapauskertojen mukaan (lkm.)";"2016";"Panttivangin ottaminen 25:4";41;34
"Yhteensä";"KOKO MAA";"Uhrien lukumäärä tapauskertojen mukaan (lkm.)";"2016";"Terrostisessa tarkoituksessa tehdyt rikokset";0;0
"Yhteensä";"KOKO MAA";"Uhrien lukumäärä tapauskertojen mukaan (lkm.)";"2017";"YHTEENSÄ";27090;23352
"Yhteensä";"KOKO MAA";"Uhrien lukumäärä tapauskertojen mukaan (lkm.)";"2017";"Raiskaus 20:§1-2,4";27;984
"Yhteensä";"KOKO MAA";"Uhrien lukumäärä tapauskertojen mukaan (lkm.)";"2017";"Törkeä raiskaus 20:2";7;125
"Yhteensä";"KOKO MAA";"Uhrien lukumäärä tapauskertojen mukaan (lkm.)";"2017";"Raiskaus (3 mom) 20:1§3-4";2;85
"Yhteensä";"KOKO MAA";"Uhrien lukumäärä tapauskertojen mukaan (lkm.)";"2017";"Pakottaminen sukupuoliyhteyteen 20:3";0;1
"Yhteensä";"KOKO MAA";"Uhrien lukumäärä tapauskertojen mukaan (lkm.)";"2017";"Lapsen seksuaalinen hyväksikäyttö 20:6";118;801
"Yhteensä";"KOKO MAA";"Uhrien lukumäärä tapauskertojen mukaan (lkm.)";"2017";"Törkeä lapsen seksuaalinen hyväksikäyttö 20:7";35;271
"Yhteensä";"KOKO MAA";"Uhrien lukumäärä tapauskertojen mukaan (lkm.)";"2017";"Törkeä lapsenraiskaus 20:7b";0;0
"Yhteensä";"KOKO MAA";"Uhrien lukumäärä tapauskertojen mukaan (lkm.)";"2017";"Seksuaalinen ahdistelu 20:5a§1";28;376
"Yhteensä";"KOKO MAA";"Uhrien lukumäärä tapauskertojen mukaan (lkm.)";"2017";"Seksuaalinen hyväksikäyttö 20:5§1,3";10;77
"Yhteensä";"KOKO MAA";"Uhrien lukumäärä tapauskertojen mukaan (lkm.)";"2017";"Pakottaminen seksuaaliseen tekoon 20:4";9;132
"Yhteensä";"KOKO MAA";"Uhrien lukumäärä tapauskertojen mukaan (lkm.)";"2017";"Seksikaupan kohteena olevan henkilön hyväksikäyttö 20:8";0;6
"Yhteensä";"KOKO MAA";"Uhrien lukumäärä tapauskertojen mukaan (lkm.)";"2017";"Seksuaalipalvelujen ostaminen nuorelta 20:8a§1-2";1;3
"Yhteensä";"KOKO MAA";"Uhrien lukumäärä tapauskertojen mukaan (lkm.)";"2017";"Lapsen houkutteleminen seksuaalisiin tarkoituksiin 20:8b§";10;63
"Yhteensä";"KOKO MAA";"Uhrien lukumäärä tapauskertojen mukaan (lkm.)";"2017";"Paritus 20:9";0;10
"Yhteensä";"KOKO MAA";"Uhrien lukumäärä tapauskertojen mukaan (lkm.)";"2017";"Tappo 21:1§1";24;13
"Yhteensä";"KOKO MAA";"Uhrien lukumäärä tapauskertojen mukaan (lkm.)";"2017";"Murha 21:2§1/1-4";12;14
"Yhteensä";"KOKO MAA";"Uhrien lukumäärä tapauskertojen mukaan (lkm.)";"2017";"Surma 21:3§1";0;0
"Yhteensä";"KOKO MAA";"Uhrien lukumäärä tapauskertojen mukaan (lkm.)";"2017";"Tapon yritys 21:1§2";244;66
"Yhteensä";"KOKO MAA";"Uhrien lukumäärä tapauskertojen mukaan (lkm.)";"2017";"Murhan yritys 21:2§2";105;25
"Yhteensä";"KOKO MAA";"Uhrien lukumäärä tapauskertojen mukaan (lkm.)";"2017";"Surman yritys 21:3§2";0;0
"Yhteensä";"KOKO MAA";"Uhrien lukumäärä tapauskertojen mukaan (lkm.)";"2017";"Pahoinpitely 21:5";13883;9323
"Yhteensä";"KOKO MAA";"Uhrien lukumäärä tapauskertojen mukaan (lkm.)";"2017";"Törkeä pahoinpitely 21:6";1239;388
"Yhteensä";"KOKO MAA";"Uhrien lukumäärä tapauskertojen mukaan (lkm.)";"2017";"Lievä pahoinpitely 21:7§";4752;4317
"Yhteensä";"KOKO MAA";"Uhrien lukumäärä tapauskertojen mukaan (lkm.)";"2017";"Ryöstö 31:1§1/1-2";890;315
"Yhteensä";"KOKO MAA";"Uhrien lukumäärä tapauskertojen mukaan (lkm.)";"2017";"Ryöstön yritys 31:1§2";162;73
"Yhteensä";"KOKO MAA";"Uhrien lukumäärä tapauskertojen mukaan (lkm.)";"2017";"Törkeä ryöstö 31:2§1/1-4";183;89
"Yhteensä";"KOKO MAA";"Uhrien lukumäärä tapauskertojen mukaan (lkm.)";"2017";"Törkeän ryöstön yritys 31:2§2";22;11
"Yhteensä";"KOKO MAA";"Uhrien lukumäärä tapauskertojen mukaan (lkm.)";"2017";"Kiristys 31:3§1";123;67
"Yhteensä";"KOKO MAA";"Uhrien lukumäärä tapauskertojen mukaan (lkm.)";"2017";"Kiristyksen yritys 31:3§2";45;22
"Yhteensä";"KOKO MAA";"Uhrien lukumäärä tapauskertojen mukaan (lkm.)";"2017";"Törkeä kiristys 31:4§1/1-4";22;9
"Yhteensä";"KOKO MAA";"Uhrien lukumäärä tapauskertojen mukaan (lkm.)";"2017";"Törkeän kiristyksen yritys 31:4§2";19;4
"Yhteensä";"KOKO MAA";"Uhrien lukumäärä tapauskertojen mukaan (lkm.)";"2017";"Vapaudenriisto 25:1-2§";137;201
"Yhteensä";"KOKO MAA";"Uhrien lukumäärä tapauskertojen mukaan (lkm.)";"2017";"Laiton uhkaus 25:7§";4695;4806
"Yhteensä";"KOKO MAA";"Uhrien lukumäärä tapauskertojen mukaan (lkm.)";"2017";"Vainoaminen 25:7a§";164;559
"Yhteensä";"KOKO MAA";"Uhrien lukumäärä tapauskertojen mukaan (lkm.)";"2017";"Kuolemantuottamus 21:8-9";44;23
"Yhteensä";"KOKO MAA";"Uhrien lukumäärä tapauskertojen mukaan (lkm.)";"2017";"Ihmiskauppa 25:3, 3a";33;42
"Yhteensä";"KOKO MAA";"Uhrien lukumäärä tapauskertojen mukaan (lkm.)";"2017";"Panttivangin ottaminen 25:4";41;38
"Yhteensä";"KOKO MAA";"Uhrien lukumäärä tapauskertojen mukaan (lkm.)";"2017";"Terrostisessa tarkoituksessa tehdyt rikokset";3;9
"Yhteensä";"KOKO MAA";"Uhrien lukumäärä tapauskertojen mukaan (lkm.)";"2018";"YHTEENSÄ";27543;24510
"Yhteensä";"KOKO MAA";"Uhrien lukumäärä tapauskertojen mukaan (lkm.)";"2018";"Raiskaus 20:§1-2,4";26;1152
"Yhteensä";"KOKO MAA";"Uhrien lukumäärä tapauskertojen mukaan (lkm.)";"2018";"Törkeä raiskaus 20:2";11;148
"Yhteensä";"KOKO MAA";"Uhrien lukumäärä tapauskertojen mukaan (lkm.)";"2018";"Raiskaus (3 mom) 20:1§3-4";3;39
"Yhteensä";"KOKO MAA";"Uhrien lukumäärä tapauskertojen mukaan (lkm.)";"2018";"Pakottaminen sukupuoliyhteyteen 20:3";0;0
"Yhteensä";"KOKO MAA";"Uhrien lukumäärä tapauskertojen mukaan (lkm.)";"2018";"Lapsen seksuaalinen hyväksikäyttö 20:6";176;826
"Yhteensä";"KOKO MAA";"Uhrien lukumäärä tapauskertojen mukaan (lkm.)";"2018";"Törkeä lapsen seksuaalinen hyväksikäyttö 20:7";46;366
"Yhteensä";"KOKO MAA";"Uhrien lukumäärä tapauskertojen mukaan (lkm.)";"2018";"Törkeä lapsenraiskaus 20:7b";0;0
"Yhteensä";"KOKO MAA";"Uhrien lukumäärä tapauskertojen mukaan (lkm.)";"2018";"Seksuaalinen ahdistelu 20:5a§1";40;511
"Yhteensä";"KOKO MAA";"Uhrien lukumäärä tapauskertojen mukaan (lkm.)";"2018";"Seksuaalinen hyväksikäyttö 20:5§1,3";8;97
"Yhteensä";"KOKO MAA";"Uhrien lukumäärä tapauskertojen mukaan (lkm.)";"2018";"Pakottaminen seksuaaliseen tekoon 20:4";10;142
"Yhteensä";"KOKO MAA";"Uhrien lukumäärä tapauskertojen mukaan (lkm.)";"2018";"Seksikaupan kohteena olevan henkilön hyväksikäyttö 20:8";0;0
"Yhteensä";"KOKO MAA";"Uhrien lukumäärä tapauskertojen mukaan (lkm.)";"2018";"Seksuaalipalvelujen ostaminen nuorelta 20:8a§1-2";13;44
"Yhteensä";"KOKO MAA";"Uhrien lukumäärä tapauskertojen mukaan (lkm.)";"2018";"Lapsen houkutteleminen seksuaalisiin tarkoituksiin 20:8b§";23;81
"Yhteensä";"KOKO MAA";"Uhrien lukumäärä tapauskertojen mukaan (lkm.)";"2018";"Paritus 20:9";0;6
"Yhteensä";"KOKO MAA";"Uhrien lukumäärä tapauskertojen mukaan (lkm.)";"2018";"Tappo 21:1§1";40;14
"Yhteensä";"KOKO MAA";"Uhrien lukumäärä tapauskertojen mukaan (lkm.)";"2018";"Murha 21:2§1/1-4";16;11
"Yhteensä";"KOKO MAA";"Uhrien lukumäärä tapauskertojen mukaan (lkm.)";"2018";"Surma 21:3§1";0;0
"Yhteensä";"KOKO MAA";"Uhrien lukumäärä tapauskertojen mukaan (lkm.)";"2018";"Tapon yritys 21:1§2";271;68
"Yhteensä";"KOKO MAA";"Uhrien lukumäärä tapauskertojen mukaan (lkm.)";"2018";"Murhan yritys 21:2§2";53;5
"Yhteensä";"KOKO MAA";"Uhrien lukumäärä tapauskertojen mukaan (lkm.)";"2018";"Surman yritys 21:3§2";0;0
"Yhteensä";"KOKO MAA";"Uhrien lukumäärä tapauskertojen mukaan (lkm.)";"2018";"Pahoinpitely 21:5";13716;9684
"Yhteensä";"KOKO MAA";"Uhrien lukumäärä tapauskertojen mukaan (lkm.)";"2018";"Törkeä pahoinpitely 21:6";1267;391
"Yhteensä";"KOKO MAA";"Uhrien lukumäärä tapauskertojen mukaan (lkm.)";"2018";"Lievä pahoinpitely 21:7§";4574;4267
"Yhteensä";"KOKO MAA";"Uhrien lukumäärä tapauskertojen mukaan (lkm.)";"2018";"Ryöstö 31:1§1/1-2";911;308
"Yhteensä";"KOKO MAA";"Uhrien lukumäärä tapauskertojen mukaan (lkm.)";"2018";"Ryöstön yritys 31:1§2";156;86
"Yhteensä";"KOKO MAA";"Uhrien lukumäärä tapauskertojen mukaan (lkm.)";"2018";"Törkeä ryöstö 31:2§1/1-4";207;77
"Yhteensä";"KOKO MAA";"Uhrien lukumäärä tapauskertojen mukaan (lkm.)";"2018";"Törkeän ryöstön yritys 31:2§2";43;11
"Yhteensä";"KOKO MAA";"Uhrien lukumäärä tapauskertojen mukaan (lkm.)";"2018";"Kiristys 31:3§1";168;107
"Yhteensä";"KOKO MAA";"Uhrien lukumäärä tapauskertojen mukaan (lkm.)";"2018";"Kiristyksen yritys 31:3§2";442;274
"Yhteensä";"KOKO MAA";"Uhrien lukumäärä tapauskertojen mukaan (lkm.)";"2018";"Törkeä kiristys 31:4§1/1-4";44;12
"Yhteensä";"KOKO MAA";"Uhrien lukumäärä tapauskertojen mukaan (lkm.)";"2018";"Törkeän kiristyksen yritys 31:4§2";14;6
"Yhteensä";"KOKO MAA";"Uhrien lukumäärä tapauskertojen mukaan (lkm.)";"2018";"Vapaudenriisto 25:1-2§";146;216
"Yhteensä";"KOKO MAA";"Uhrien lukumäärä tapauskertojen mukaan (lkm.)";"2018";"Laiton uhkaus 25:7§";4852;4847
"Yhteensä";"KOKO MAA";"Uhrien lukumäärä tapauskertojen mukaan (lkm.)";"2018";"Vainoaminen 25:7a§";161;554
"Yhteensä";"KOKO MAA";"Uhrien lukumäärä tapauskertojen mukaan (lkm.)";"2018";"Kuolemantuottamus 21:8-9";41;36
"Yhteensä";"KOKO MAA";"Uhrien lukumäärä tapauskertojen mukaan (lkm.)";"2018";"Ihmiskauppa 25:3, 3a";28;51
"Yhteensä";"KOKO MAA";"Uhrien lukumäärä tapauskertojen mukaan (lkm.)";"2018";"Panttivangin ottaminen 25:4";35;68
"Yhteensä";"KOKO MAA";"Uhrien lukumäärä tapauskertojen mukaan (lkm.)";"2018";"Terrostisessa tarkoituksessa tehdyt rikokset";0;1
"Yhteensä";"KOKO MAA";"Uhrien lukumäärä tapauskertojen mukaan (lkm.)";"2019";"YHTEENSÄ";28002;25557
"Yhteensä";"KOKO MAA";"Uhrien lukumäärä tapauskertojen mukaan (lkm.)";"2019";"Raiskaus 20:§1-2,4";40;1187
"Yhteensä";"KOKO MAA";"Uhrien lukumäärä tapauskertojen mukaan (lkm.)";"2019";"Törkeä raiskaus 20:2";16;178
"Yhteensä";"KOKO MAA";"Uhrien lukumäärä tapauskertojen mukaan (lkm.)";"2019";"Raiskaus (3 mom) 20:1§3-4";1;41
"Yhteensä";"KOKO MAA";"Uhrien lukumäärä tapauskertojen mukaan (lkm.)";"2019";"Pakottaminen sukupuoliyhteyteen 20:3";0;0
"Yhteensä";"KOKO MAA";"Uhrien lukumäärä tapauskertojen mukaan (lkm.)";"2019";"Lapsen seksuaalinen hyväksikäyttö 20:6";172;1040
"Yhteensä";"KOKO MAA";"Uhrien lukumäärä tapauskertojen mukaan (lkm.)";"2019";"Törkeä lapsen seksuaalinen hyväksikäyttö 20:7";31;442
"Yhteensä";"KOKO MAA";"Uhrien lukumäärä tapauskertojen mukaan (lkm.)";"2019";"Törkeä lapsenraiskaus 20:7b";2;34
"Yhteensä";"KOKO MAA";"Uhrien lukumäärä tapauskertojen mukaan (lkm.)";"2019";"Seksuaalinen ahdistelu 20:5a§1";28;491
"Yhteensä";"KOKO MAA";"Uhrien lukumäärä tapauskertojen mukaan (lkm.)";"2019";"Seksuaalinen hyväksikäyttö 20:5§1,3";16;81
"Yhteensä";"KOKO MAA";"Uhrien lukumäärä tapauskertojen mukaan (lkm.)";"2019";"Pakottaminen seksuaaliseen tekoon 20:4";12;194
"Yhteensä";"KOKO MAA";"Uhrien lukumäärä tapauskertojen mukaan (lkm.)";"2019";"Seksikaupan kohteena olevan henkilön hyväksikäyttö 20:8";0;0
"Yhteensä";"KOKO MAA";"Uhrien lukumäärä tapauskertojen mukaan (lkm.)";"2019";"Seksuaalipalvelujen ostaminen nuorelta 20:8a§1-2";9;35
"Yhteensä";"KOKO MAA";"Uhrien lukumäärä tapauskertojen mukaan (lkm.)";"2019";"Lapsen houkutteleminen seksuaalisiin tarkoituksiin 20:8b§";31;136
"Yhteensä";"KOKO MAA";"Uhrien lukumäärä tapauskertojen mukaan (lkm.)";"2019";"Paritus 20:9";0;10
"Yhteensä";"KOKO MAA";"Uhrien lukumäärä tapauskertojen mukaan (lkm.)";"2019";"Tappo 21:1§1";30;12
"Yhteensä";"KOKO MAA";"Uhrien lukumäärä tapauskertojen mukaan (lkm.)";"2019";"Murha 21:2§1/1-4";13;11
"Yhteensä";"KOKO MAA";"Uhrien lukumäärä tapauskertojen mukaan (lkm.)";"2019";"Surma 21:3§1";0;0
"Yhteensä";"KOKO MAA";"Uhrien lukumäärä tapauskertojen mukaan (lkm.)";"2019";"Tapon yritys 21:1§2";228;44
"Yhteensä";"KOKO MAA";"Uhrien lukumäärä tapauskertojen mukaan (lkm.)";"2019";"Murhan yritys 21:2§2";107;237
"Yhteensä";"KOKO MAA";"Uhrien lukumäärä tapauskertojen mukaan (lkm.)";"2019";"Surman yritys 21:3§2";0;0
"Yhteensä";"KOKO MAA";"Uhrien lukumäärä tapauskertojen mukaan (lkm.)";"2019";"Pahoinpitely 21:5";13958;9948
"Yhteensä";"KOKO MAA";"Uhrien lukumäärä tapauskertojen mukaan (lkm.)";"2019";"Törkeä pahoinpitely 21:6";1205;419
"Yhteensä";"KOKO MAA";"Uhrien lukumäärä tapauskertojen mukaan (lkm.)";"2019";"Lievä pahoinpitely 21:7§";4480;4037
"Yhteensä";"KOKO MAA";"Uhrien lukumäärä tapauskertojen mukaan (lkm.)";"2019";"Ryöstö 31:1§1/1-2";965;311
"Yhteensä";"KOKO MAA";"Uhrien lukumäärä tapauskertojen mukaan (lkm.)";"2019";"Ryöstön yritys 31:1§2";157;88
"Yhteensä";"KOKO MAA";"Uhrien lukumäärä tapauskertojen mukaan (lkm.)";"2019";"Törkeä ryöstö 31:2§1/1-4";245;87
"Yhteensä";"KOKO MAA";"Uhrien lukumäärä tapauskertojen mukaan (lkm.)";"2019";"Törkeän ryöstön yritys 31:2§2";45;17
"Yhteensä";"KOKO MAA";"Uhrien lukumäärä tapauskertojen mukaan (lkm.)";"2019";"Kiristys 31:3§1";187;123
"Yhteensä";"KOKO MAA";"Uhrien lukumäärä tapauskertojen mukaan (lkm.)";"2019";"Kiristyksen yritys 31:3§2";449;329
"Yhteensä";"KOKO MAA";"Uhrien lukumäärä tapauskertojen mukaan (lkm.)";"2019";"Törkeä kiristys 31:4§1/1-4";28;5
"Yhteensä";"KOKO MAA";"Uhrien lukumäärä tapauskertojen mukaan (lkm.)";"2019";"Törkeän kiristyksen yritys 31:4§2";17;9
"Yhteensä";"KOKO MAA";"Uhrien lukumäärä tapauskertojen mukaan (lkm.)";"2019";"Vapaudenriisto 25:1-2§";208;244
"Yhteensä";"KOKO MAA";"Uhrien lukumäärä tapauskertojen mukaan (lkm.)";"2019";"Laiton uhkaus 25:7§";5034;5119
"Yhteensä";"KOKO MAA";"Uhrien lukumäärä tapauskertojen mukaan (lkm.)";"2019";"Vainoaminen 25:7a§";150;528
"Yhteensä";"KOKO MAA";"Uhrien lukumäärä tapauskertojen mukaan (lkm.)";"2019";"Kuolemantuottamus 21:8-9";38;20
"Yhteensä";"KOKO MAA";"Uhrien lukumäärä tapauskertojen mukaan (lkm.)";"2019";"Ihmiskauppa 25:3, 3a";39;44
"Yhteensä";"KOKO MAA";"Uhrien lukumäärä tapauskertojen mukaan (lkm.)";"2019";"Panttivangin ottaminen 25:4";58;50
"Yhteensä";"KOKO MAA";"Uhrien lukumäärä tapauskertojen mukaan (lkm.)";"2019";"Terrostisessa tarkoituksessa tehdyt rikokset";0;0
"Yhteensä";"KOKO MAA";"Uhrien lukumäärä tapauskertojen mukaan (lkm.)";"2020";"YHTEENSÄ";32792;36848
"Yhteensä";"KOKO MAA";"Uhrien lukumäärä tapauskertojen mukaan (lkm.)";"2020";"Raiskaus 20:§1-2,4";38;1230
"Yhteensä";"KOKO MAA";"Uhrien lukumäärä tapauskertojen mukaan (lkm.)";"2020";"Törkeä raiskaus 20:2";29;106
"Yhteensä";"KOKO MAA";"Uhrien lukumäärä tapauskertojen mukaan (lkm.)";"2020";"Raiskaus (3 mom) 20:1§3-4";2;37
"Yhteensä";"KOKO MAA";"Uhrien lukumäärä tapauskertojen mukaan (lkm.)";"2020";"Pakottaminen sukupuoliyhteyteen 20:3";0;0
"Yhteensä";"KOKO MAA";"Uhrien lukumäärä tapauskertojen mukaan (lkm.)";"2020";"Lapsen seksuaalinen hyväksikäyttö 20:6";159;1122
"Yhteensä";"KOKO MAA";"Uhrien lukumäärä tapauskertojen mukaan (lkm.)";"2020";"Törkeä lapsen seksuaalinen hyväksikäyttö 20:7";30;412
"Yhteensä";"KOKO MAA";"Uhrien lukumäärä tapauskertojen mukaan (lkm.)";"2020";"Törkeä lapsenraiskaus 20:7b";1;65
"Yhteensä";"KOKO MAA";"Uhrien lukumäärä tapauskertojen mukaan (lkm.)";"2020";"Seksuaalinen ahdistelu 20:5a§1";58;499
"Yhteensä";"KOKO MAA";"Uhrien lukumäärä tapauskertojen mukaan (lkm.)";"2020";"Seksuaalinen hyväksikäyttö 20:5§1,3";11;80
"Yhteensä";"KOKO MAA";"Uhrien lukumäärä tapauskertojen mukaan (lkm.)";"2020";"Pakottaminen seksuaaliseen tekoon 20:4";12;183
"Yhteensä";"KOKO MAA";"Uhrien lukumäärä tapauskertojen mukaan (lkm.)";"2020";"Seksikaupan kohteena olevan henkilön hyväksikäyttö 20:8";0;0
"Yhteensä";"KOKO MAA";"Uhrien lukumäärä tapauskertojen mukaan (lkm.)";"2020";"Seksuaalipalvelujen ostaminen nuorelta 20:8a§1-2";22;40
"Yhteensä";"KOKO MAA";"Uhrien lukumäärä tapauskertojen mukaan (lkm.)";"2020";"Lapsen houkutteleminen seksuaalisiin tarkoituksiin 20:8b§";13;167
"Yhteensä";"KOKO MAA";"Uhrien lukumäärä tapauskertojen mukaan (lkm.)";"2020";"Paritus 20:9";3;14
"Yhteensä";"KOKO MAA";"Uhrien lukumäärä tapauskertojen mukaan (lkm.)";"2020";"Tappo 21:1§1";38;11
"Yhteensä";"KOKO MAA";"Uhrien lukumäärä tapauskertojen mukaan (lkm.)";"2020";"Murha 21:2§1/1-4";22;9
"Yhteensä";"KOKO MAA";"Uhrien lukumäärä tapauskertojen mukaan (lkm.)";"2020";"Surma 21:3§1";0;0
"Yhteensä";"KOKO MAA";"Uhrien lukumäärä tapauskertojen mukaan (lkm.)";"2020";"Tapon yritys 21:1§2";306;74
"Yhteensä";"KOKO MAA";"Uhrien lukumäärä tapauskertojen mukaan (lkm.)";"2020";"Murhan yritys 21:2§2";54;7
"Yhteensä";"KOKO MAA";"Uhrien lukumäärä tapauskertojen mukaan (lkm.)";"2020";"Surman yritys 21:3§2";0;0
"Yhteensä";"KOKO MAA";"Uhrien lukumäärä tapauskertojen mukaan (lkm.)";"2020";"Pahoinpitely 21:5";13239;10158
"Yhteensä";"KOKO MAA";"Uhrien lukumäärä tapauskertojen mukaan (lkm.)";"2020";"Törkeä pahoinpitely 21:6";1393;406
"Yhteensä";"KOKO MAA";"Uhrien lukumäärä tapauskertojen mukaan (lkm.)";"2020";"Lievä pahoinpitely 21:7§";4204;4024
"Yhteensä";"KOKO MAA";"Uhrien lukumäärä tapauskertojen mukaan (lkm.)";"2020";"Ryöstö 31:1§1/1-2";1046;342
"Yhteensä";"KOKO MAA";"Uhrien lukumäärä tapauskertojen mukaan (lkm.)";"2020";"Ryöstön yritys 31:1§2";191;79
"Yhteensä";"KOKO MAA";"Uhrien lukumäärä tapauskertojen mukaan (lkm.)";"2020";"Törkeä ryöstö 31:2§1/1-4";317;88
"Yhteensä";"KOKO MAA";"Uhrien lukumäärä tapauskertojen mukaan (lkm.)";"2020";"Törkeän ryöstön yritys 31:2§2";63;28
"Yhteensä";"KOKO MAA";"Uhrien lukumäärä tapauskertojen mukaan (lkm.)";"2020";"Kiristys 31:3§1";2951;6027
"Yhteensä";"KOKO MAA";"Uhrien lukumäärä tapauskertojen mukaan (lkm.)";"2020";"Kiristyksen yritys 31:3§2";2600;5444
"Yhteensä";"KOKO MAA";"Uhrien lukumäärä tapauskertojen mukaan (lkm.)";"2020";"Törkeä kiristys 31:4§1/1-4";39;13
"Yhteensä";"KOKO MAA";"Uhrien lukumäärä tapauskertojen mukaan (lkm.)";"2020";"Törkeän kiristyksen yritys 31:4§2";11;8
"Yhteensä";"KOKO MAA";"Uhrien lukumäärä tapauskertojen mukaan (lkm.)";"2020";"Vapaudenriisto 25:1-2§";164;240
"Yhteensä";"KOKO MAA";"Uhrien lukumäärä tapauskertojen mukaan (lkm.)";"2020";"Laiton uhkaus 25:7§";5440;5246
"Yhteensä";"KOKO MAA";"Uhrien lukumäärä tapauskertojen mukaan (lkm.)";"2020";"Vainoaminen 25:7a§";162;551
"Yhteensä";"KOKO MAA";"Uhrien lukumäärä tapauskertojen mukaan (lkm.)";"2020";"Kuolemantuottamus 21:8-9";67;38
"Yhteensä";"KOKO MAA";"Uhrien lukumäärä tapauskertojen mukaan (lkm.)";"2020";"Ihmiskauppa 25:3, 3a";65;58
"Yhteensä";"KOKO MAA";"Uhrien lukumäärä tapauskertojen mukaan (lkm.)";"2020";"Panttivangin ottaminen 25:4";42;38
"Yhteensä";"KOKO MAA";"Uhrien lukumäärä tapauskertojen mukaan (lkm.)";"2020";"Terrostisessa tarkoituksessa tehdyt rikokset";0;0
"Yhteensä";"KOKO MAA";"Uhrien lukumäärä tapauskertojen mukaan (lkm.)";"2021";"YHTEENSÄ";28048;27549
"Yhteensä";"KOKO MAA";"Uhrien lukumäärä tapauskertojen mukaan (lkm.)";"2021";"Raiskaus 20:§1-2,4";51;1527
"Yhteensä";"KOKO MAA";"Uhrien lukumäärä tapauskertojen mukaan (lkm.)";"2021";"Törkeä raiskaus 20:2";4;150
"Yhteensä";"KOKO MAA";"Uhrien lukumäärä tapauskertojen mukaan (lkm.)";"2021";"Raiskaus (3 mom) 20:1§3-4";0;34
"Yhteensä";"KOKO MAA";"Uhrien lukumäärä tapauskertojen mukaan (lkm.)";"2021";"Pakottaminen sukupuoliyhteyteen 20:3";0;0
"Yhteensä";"KOKO MAA";"Uhrien lukumäärä tapauskertojen mukaan (lkm.)";"2021";"Lapsen seksuaalinen hyväksikäyttö 20:6";178;1307
"Yhteensä";"KOKO MAA";"Uhrien lukumäärä tapauskertojen mukaan (lkm.)";"2021";"Törkeä lapsen seksuaalinen hyväksikäyttö 20:7";31;467
"Yhteensä";"KOKO MAA";"Uhrien lukumäärä tapauskertojen mukaan (lkm.)";"2021";"Törkeä lapsenraiskaus 20:7b";8;113
"Yhteensä";"KOKO MAA";"Uhrien lukumäärä tapauskertojen mukaan (lkm.)";"2021";"Seksuaalinen ahdistelu 20:5a§1";35;694
"Yhteensä";"KOKO MAA";"Uhrien lukumäärä tapauskertojen mukaan (lkm.)";"2021";"Seksuaalinen hyväksikäyttö 20:5§1,3";8;79
"Yhteensä";"KOKO MAA";"Uhrien lukumäärä tapauskertojen mukaan (lkm.)";"2021";"Pakottaminen seksuaaliseen tekoon 20:4";8;243
"Yhteensä";"KOKO MAA";"Uhrien lukumäärä tapauskertojen mukaan (lkm.)";"2021";"Seksikaupan kohteena olevan henkilön hyväksikäyttö 20:8";0;0
"Yhteensä";"KOKO MAA";"Uhrien lukumäärä tapauskertojen mukaan (lkm.)";"2021";"Seksuaalipalvelujen ostaminen nuorelta 20:8a§1-2";11;83
"Yhteensä";"KOKO MAA";"Uhrien lukumäärä tapauskertojen mukaan (lkm.)";"2021";"Lapsen houkutteleminen seksuaalisiin tarkoituksiin 20:8b§";15;106
"Yhteensä";"KOKO MAA";"Uhrien lukumäärä tapauskertojen mukaan (lkm.)";"2021";"Paritus 20:9";0;30
"Yhteensä";"KOKO MAA";"Uhrien lukumäärä tapauskertojen mukaan (lkm.)";"2021";"Tappo 21:1§1";27;13
"Yhteensä";"KOKO MAA";"Uhrien lukumäärä tapauskertojen mukaan (lkm.)";"2021";"Murha 21:2§1/1-4";20;14
"Yhteensä";"KOKO MAA";"Uhrien lukumäärä tapauskertojen mukaan (lkm.)";"2021";"Surma 21:3§1";0;0
"Yhteensä";"KOKO MAA";"Uhrien lukumäärä tapauskertojen mukaan (lkm.)";"2021";"Tapon yritys 21:1§2";277;62
"Yhteensä";"KOKO MAA";"Uhrien lukumäärä tapauskertojen mukaan (lkm.)";"2021";"Murhan yritys 21:2§2";61;15
"Yhteensä";"KOKO MAA";"Uhrien lukumäärä tapauskertojen mukaan (lkm.)";"2021";"Surman yritys 21:3§2";0;0
"Yhteensä";"KOKO MAA";"Uhrien lukumäärä tapauskertojen mukaan (lkm.)";"2021";"Pahoinpitely 21:5";13473;10622
"Yhteensä";"KOKO MAA";"Uhrien lukumäärä tapauskertojen mukaan (lkm.)";"2021";"Törkeä pahoinpitely 21:6";1304;418
"Yhteensä";"KOKO MAA";"Uhrien lukumäärä tapauskertojen mukaan (lkm.)";"2021";"Lievä pahoinpitely 21:7§";4195;4106
"Yhteensä";"KOKO MAA";"Uhrien lukumäärä tapauskertojen mukaan (lkm.)";"2021";"Ryöstö 31:1§1/1-2";960;296
"Yhteensä";"KOKO MAA";"Uhrien lukumäärä tapauskertojen mukaan (lkm.)";"2021";"Ryöstön yritys 31:1§2";170;61
"Yhteensä";"KOKO MAA";"Uhrien lukumäärä tapauskertojen mukaan (lkm.)";"2021";"Törkeä ryöstö 31:2§1/1-4";335;90
"Yhteensä";"KOKO MAA";"Uhrien lukumäärä tapauskertojen mukaan (lkm.)";"2021";"Törkeän ryöstön yritys 31:2§2";52;19
"Yhteensä";"KOKO MAA";"Uhrien lukumäärä tapauskertojen mukaan (lkm.)";"2021";"Kiristys 31:3§1";326;239
"Yhteensä";"KOKO MAA";"Uhrien lukumäärä tapauskertojen mukaan (lkm.)";"2021";"Kiristyksen yritys 31:3§2";619;517
"Yhteensä";"KOKO MAA";"Uhrien lukumäärä tapauskertojen mukaan (lkm.)";"2021";"Törkeä kiristys 31:4§1/1-4";21;9
"Yhteensä";"KOKO MAA";"Uhrien lukumäärä tapauskertojen mukaan (lkm.)";"2021";"Törkeän kiristyksen yritys 31:4§2";10;4
"Yhteensä";"KOKO MAA";"Uhrien lukumäärä tapauskertojen mukaan (lkm.)";"2021";"Vapaudenriisto 25:1-2§";179;213
"Yhteensä";"KOKO MAA";"Uhrien lukumäärä tapauskertojen mukaan (lkm.)";"2021";"Laiton uhkaus 25:7§";5385;5320
"Yhteensä";"KOKO MAA";"Uhrien lukumäärä tapauskertojen mukaan (lkm.)";"2021";"Vainoaminen 25:7a§";145;526
"Yhteensä";"KOKO MAA";"Uhrien lukumäärä tapauskertojen mukaan (lkm.)";"2021";"Kuolemantuottamus 21:8-9";62;50
"Yhteensä";"KOKO MAA";"Uhrien lukumäärä tapauskertojen mukaan (lkm.)";"2021";"Ihmiskauppa 25:3, 3a";50;75
"Yhteensä";"KOKO MAA";"Uhrien lukumäärä tapauskertojen mukaan (lkm.)";"2021";"Panttivangin ottaminen 25:4";28;42
"Yhteensä";"KOKO MAA";"Uhrien lukumäärä tapauskertojen mukaan (lkm.)";"2021";"Terrostisessa tarkoituksessa tehdyt rikokset";0;0